damid,date,longitude,latitude,state,systemidx,watershed
SFKernRiver:200822:1,2020-08-22,-118.13642233498618,36.02848416399409,CA,00000000000000000026,SFKernRiver
SFKernRiver:200822:2,2020-08-22,-118.13584265184919,36.02248221397614,CA,00000000000000000027,SFKernRiver
SFKernRiver:200822:3,2020-08-22,-118.13837542124756,36.007923249036644,CA,00000000000000000028,SFKernRiver
SFKernRiver:200822:4,2020-08-22,-118.14126491873019,36.005452907053034,CA,00000000000000000029,SFKernRiver
SFKernRiver:200822:5,2020-08-22,-118.1410731773849,36.005038210655066,CA,0000000000000000002a,SFKernRiver
SFKernRiver:200822:6,2020-08-22,-118.14237077579142,36.00506050616034,CA,0000000000000000002b,SFKernRiver
SFKernRiver:200822:7,2020-08-22,-118.14403402048436,36.001056233414346,CA,0000000000000000002c,SFKernRiver
SFKernRiver:200822:8,2020-08-22,-118.14420346632441,36.000467632075285,CA,0000000000000000002d,SFKernRiver
SFKernRiver:200822:9,2020-08-22,-118.14873391299469,35.99647227753139,CA,0000000000000000002e,SFKernRiver
SFKernRiver:200822:10,2020-08-22,-118.1502455482518,35.99538871597541,CA,0000000000000000002f,SFKernRiver
SFKernRiver:200822:11,2020-08-22,-118.15078064037823,35.994822410141616,CA,00000000000000000030,SFKernRiver
SFKernRiver:200822:12,2020-08-22,-118.15032135296971,35.991531593564176,CA,00000000000000000031,SFKernRiver
SFKernRiver:200822:13,2020-08-22,-118.1467228584196,35.986796028245415,CA,00000000000000000032,SFKernRiver
SFKernRiver:200822:14,2020-08-22,-118.15996638854834,35.97042220917716,CA,00000000000000000033,SFKernRiver
SFKernRiver:200822:15,2020-08-22,-118.15970776068723,35.96981131233285,CA,00000000000000000034,SFKernRiver
SFKernRiver:200822:16,2020-08-22,-118.1609340134769,35.96212382211671,CA,00000000000000000035,SFKernRiver
SFKernRiver:200822:17,2020-08-22,-118.16070659932319,35.96136131583656,CA,00000000000000000036,SFKernRiver
SFKernRiver:200822:18,2020-08-22,-118.16184812919286,35.960540841242725,CA,00000000000000000037,SFKernRiver
SFKernRiver:200822:19,2020-08-22,-118.16305654557836,35.95964456193098,CA,00000000000000000038,SFKernRiver
SFKernRiver:200822:20,2020-08-22,-118.16243673053192,35.958645723295014,CA,00000000000000000039,SFKernRiver
SFKernRiver:200822:21,2020-08-22,-118.16070659932319,35.9555154343555,CA,0000000000000000003a,SFKernRiver
SFKernRiver:200822:22,2020-08-22,-118.16152261481596,35.9550739833512,CA,0000000000000000003b,SFKernRiver
SFKernRiver:200822:23,2020-08-22,-118.16236092581403,35.95440957729424,CA,0000000000000000003c,SFKernRiver
SFKernRiver:200822:24,2020-08-22,-118.16348461927949,35.95419554044368,CA,0000000000000000003d,SFKernRiver
SFKernRiver:200822:25,2020-08-22,-118.18369326525371,35.97031964985293,CA,0000000000000000003e,SFKernRiver
SFKernRiver:200822:26,2020-08-22,-118.18073242215424,35.95992548529735,CA,0000000000000000003f,SFKernRiver
SFKernRiver:200822:27,2020-08-22,-118.17919849139184,35.96027775428057,CA,00000000000000000040,SFKernRiver
SFKernRiver:200822:28,2020-08-22,-118.17374501080349,35.96119186999653,CA,00000000000000000041,SFKernRiver
SFKernRiver:200822:29,2020-08-22,-118.16828261201302,35.95791443072225,CA,00000000000000000042,SFKernRiver
SFKernRiver:200822:30,2020-08-22,-118.16811316617296,35.957731607579056,CA,00000000000000000043,SFKernRiver
SFKernRiver:200822:31,2020-08-22,-118.16789467022134,35.95742392960638,CA,00000000000000000044,SFKernRiver
SFKernRiver:200822:32,2020-08-22,-118.20597985231886,35.964870628365624,CA,00000000000000000045,SFKernRiver
SFKernRiver:200822:33,2020-08-22,-118.20460644919439,35.96550382071522,CA,00000000000000000046,SFKernRiver
SFKernRiver:200822:34,2020-08-22,-118.19677180864346,35.958101712966496,CA,00000000000000000047,SFKernRiver
SFKernRiver:200822:35,2020-08-22,-118.19588444753383,35.957972399035945,CA,00000000000000000048,SFKernRiver
SFKernRiver:200822:36,2020-08-22,-118.19538948731689,35.95791443072224,CA,00000000000000000049,SFKernRiver
SFKernRiver:200822:37,2020-08-22,-118.1951308594558,35.95767809836641,CA,0000000000000000004a,SFKernRiver
SFKernRiver:200822:38,2020-08-22,-118.18973534718113,35.95276416900552,CA,0000000000000000004b,SFKernRiver
SFKernRiver:200822:39,2020-08-22,-118.18311358211676,35.95336614764774,CA,0000000000000000004c,SFKernRiver
SFKernRiver:200822:40,2020-08-22,-118.17522989145428,35.945580557208416,CA,0000000000000000004d,SFKernRiver
SFKernRiver:200822:41,2020-08-22,-118.17441387596149,35.946129026638,CA,0000000000000000004e,SFKernRiver
SFKernRiver:200822:42,2020-08-22,-118.1740125568667,35.94601754911165,CA,0000000000000000004f,SFKernRiver
SFKernRiver:200822:43,2020-08-22,-118.17285319059282,35.9446441459872,CA,00000000000000000050,SFKernRiver
SFKernRiver:200822:44,2020-08-22,-118.17243403509377,35.94364084825016,CA,00000000000000000051,SFKernRiver
SFKernRiver:200822:45,2020-08-22,-118.17279968138018,35.94214704939726,CA,00000000000000000052,SFKernRiver
SFKernRiver:200822:46,2020-08-22,-118.17234931217376,35.941866126030895,CA,00000000000000000053,SFKernRiver
SFKernRiver:200822:47,2020-08-22,-118.16457263993655,35.94132211570238,CA,00000000000000000054,SFKernRiver
SFKernRiver:200822:48,2020-08-22,-118.16333746894476,35.93401810817682,CA,00000000000000000055,SFKernRiver
SFKernRiver:200822:49,2020-08-22,-118.16306992288153,35.93391108975155,CA,00000000000000000056,SFKernRiver
SFKernRiver:200822:50,2020-08-22,-118.16344448737001,35.933277897401965,CA,00000000000000000057,SFKernRiver
SFKernRiver:200822:51,2020-08-22,-118.16727485517497,35.926687346044964,CA,00000000000000000058,SFKernRiver
SFKernRiver:200822:52,2020-08-22,-118.16758699224866,35.924578191246695,CA,00000000000000000059,SFKernRiver
SFKernRiver:200822:53,2020-08-22,-118.1677163061792,35.92429726788032,CA,0000000000000000005a,SFKernRiver
SFKernRiver:200822:54,2020-08-22,-118.16788575201925,35.922794550825316,CA,0000000000000000005b,SFKernRiver
SFKernRiver:200822:55,2020-08-22,-118.18539218275511,35.905479861434785,CA,0000000000000000005c,SFKernRiver
SFKernRiver:200822:56,2020-08-22,-118.18929389617684,35.89233889063026,CA,0000000000000000005d,SFKernRiver
SFKernRiver:200822:57,2020-08-22,-118.1434543373474,36.003985862806445,CA,0000000000000000005e,SFKernRiver
SFKernRiver:200822:58,2020-08-22,-118.1590790274387,35.971817907806894,CA,0000000000000000005f,SFKernRiver
SFKernRiver:200822:59,2020-08-22,-118.1588382359818,35.97252244577334,CA,00000000000000000060,SFKernRiver
SFKernRiver:160715:1,2016-07-15,-118.1364446304914,36.0285688869141,CA,00000000000000000061,SFKernRiver
SFKernRiver:160715:2,2016-07-15,-118.13722051407471,36.01241356379747,CA,00000000000000000062,SFKernRiver
SFKernRiver:160715:3,2016-07-15,-118.13843338956123,36.00913166542214,CA,00000000000000000063,SFKernRiver
SFKernRiver:160715:4,2016-07-15,-118.14126491873019,36.005479661659365,CA,00000000000000000064,SFKernRiver
SFKernRiver:160715:5,2016-07-15,-118.14237077579142,36.00506050616034,CA,00000000000000000065,SFKernRiver
SFKernRiver:160715:6,2016-07-15,-118.14290586791785,36.00492227402767,CA,00000000000000000066,SFKernRiver
SFKernRiver:160715:7,2016-07-15,-118.14402956138333,36.001100824424874,CA,00000000000000000067,SFKernRiver
SFKernRiver:160715:8,2016-07-15,-118.14435507576023,36.000860032967985,CA,00000000000000000068,SFKernRiver
SFKernRiver:160715:9,2016-07-15,-118.14872945389364,35.99649011393561,CA,00000000000000000069,SFKernRiver
SFKernRiver:160715:10,2016-07-15,-118.15022325274654,35.99538871597541,CA,0000000000000000006a,SFKernRiver
SFKernRiver:160715:11,2016-07-15,-118.15075834487297,35.99484916474795,CA,0000000000000000006b,SFKernRiver
SFKernRiver:160715:12,2016-07-15,-118.15025892555498,35.99103217424619,CA,0000000000000000006c,SFKernRiver
SFKernRiver:160715:13,2016-07-15,-118.14655341257955,35.986920883074916,CA,0000000000000000006d,SFKernRiver
SFKernRiver:160715:14,2016-07-15,-118.14938940084956,35.98550288893992,CA,0000000000000000006e,SFKernRiver
SFKernRiver:160715:15,2016-07-15,-118.15477599492213,35.98031695441476,CA,0000000000000000006f,SFKernRiver
SFKernRiver:160715:16,2016-07-15,-118.15503908188428,35.97971051667149,CA,00000000000000000070,SFKernRiver
SFKernRiver:160715:17,2016-07-15,-118.15997530675045,35.97046234108665,CA,00000000000000000071,SFKernRiver
SFKernRiver:160715:18,2016-07-15,-118.16238322131929,35.95852086846551,CA,00000000000000000072,SFKernRiver
SFKernRiver:160715:19,2016-07-15,-118.16190163840552,35.95802144914753,CA,00000000000000000073,SFKernRiver
SFKernRiver:160715:20,2016-07-15,-118.16034095303682,35.95607728108823,CA,00000000000000000074,SFKernRiver
SFKernRiver:160715:21,2016-07-15,-118.16195514761817,35.95447200470899,CA,00000000000000000075,SFKernRiver
SFKernRiver:160715:22,2016-07-15,-118.16345340557211,35.95423121325211,CA,00000000000000000076,SFKernRiver
SFKernRiver:160715:23,2016-07-15,-118.1640776797196,35.953705039327794,CA,00000000000000000077,SFKernRiver
SFKernRiver:160715:24,2016-07-15,-118.16646775788425,35.946316308882245,CA,00000000000000000078,SFKernRiver
SFKernRiver:160715:25,2016-07-15,-118.16586132014096,35.945950662595855,CA,00000000000000000079,SFKernRiver
SFKernRiver:160715:26,2016-07-15,-118.16835841673091,35.94287834197003,CA,0000000000000000007a,SFKernRiver
SFKernRiver:160715:27,2016-07-15,-118.20186410204651,35.9646342960098,CA,0000000000000000007b,SFKernRiver
SFKernRiver:160715:28,2016-07-15,-118.19698138639299,35.95846735925288,CA,0000000000000000007c,SFKernRiver
SFKernRiver:160715:29,2016-07-15,-118.19675397223925,35.95811954937071,CA,0000000000000000007d,SFKernRiver
SFKernRiver:160715:30,2016-07-15,-118.19534489630641,35.95790105341908,CA,0000000000000000007e,SFKernRiver
SFKernRiver:160715:31,2016-07-15,-118.19211650714367,35.95462807324586,CA,0000000000000000007f,SFKernRiver
SFKernRiver:160715:32,2016-07-15,-118.19135400086353,35.95390569887521,CA,00000000000000000080,SFKernRiver
SFKernRiver:160715:33,2016-07-15,-118.19073418581712,35.953089683382416,CA,00000000000000000081,SFKernRiver
SFKernRiver:160715:34,2016-07-15,-118.17849841252645,35.950093167474506,CA,00000000000000000082,SFKernRiver
SFKernRiver:160715:35,2016-07-15,-118.17705366378513,35.94712340617291,CA,00000000000000000083,SFKernRiver
SFKernRiver:160715:36,2016-07-15,-118.17594780672385,35.946044303717976,CA,00000000000000000084,SFKernRiver
SFKernRiver:160715:37,2016-07-15,-118.17319654137391,35.944733328008255,CA,00000000000000000085,SFKernRiver
SFKernRiver:160715:38,2016-07-15,-118.17294237261385,35.94472440980615,CA,00000000000000000086,SFKernRiver
SFKernRiver:160715:39,2016-07-15,-118.17239390318427,35.944207154083955,CA,00000000000000000087,SFKernRiver
SFKernRiver:160715:40,2016-07-15,-118.17230026206215,35.94397082172813,CA,00000000000000000088,SFKernRiver
SFKernRiver:160715:41,2016-07-15,-118.16230741660138,35.93960982089786,CA,00000000000000000089,SFKernRiver
SFKernRiver:160715:42,2016-07-15,-118.16267306288779,35.938927578436676,CA,0000000000000000008a,SFKernRiver
SFKernRiver:160715:43,2016-07-15,-118.16314572759944,35.93465130052642,CA,0000000000000000008b,SFKernRiver
SFKernRiver:160715:44,2016-07-15,-118.16361393321004,35.93457103670747,CA,0000000000000000008c,SFKernRiver
SFKernRiver:160715:45,2016-07-15,-118.16332409164157,35.933986894469456,CA,0000000000000000008d,SFKernRiver
SFKernRiver:160715:46,2016-07-15,-118.16304762737626,35.93389325334733,CA,0000000000000000008e,SFKernRiver
SFKernRiver:160715:47,2016-07-15,-118.16320815501417,35.93369705290098,CA,0000000000000000008f,SFKernRiver
SFKernRiver:160715:48,2016-07-15,-118.16448345791547,35.93381298952837,CA,00000000000000000090,SFKernRiver
SFKernRiver:160715:49,2016-07-15,-118.16344448737001,35.933282356503014,CA,00000000000000000091,SFKernRiver
SFKernRiver:160715:50,2016-07-15,-118.16599955227363,35.93198475809647,CA,00000000000000000092,SFKernRiver
SFKernRiver:160715:51,2016-07-15,-118.16587023834312,35.93185990326697,CA,00000000000000000093,SFKernRiver
SFKernRiver:160715:52,2016-07-15,-118.1672302641644,35.92667396874181,CA,00000000000000000094,SFKernRiver
SFKernRiver:160715:53,2016-07-15,-118.16788575201925,35.92279009172425,CA,00000000000000000095,SFKernRiver
SFKernRiver:160715:54,2016-07-15,-118.16729715068018,35.919735607502645,CA,00000000000000000096,SFKernRiver
SFKernRiver:160715:55,2016-07-15,-118.16526825970088,35.91810803561814,CA,00000000000000000097,SFKernRiver
SFKernRiver:160715:56,2016-07-15,-118.16571862890727,35.91624413137779,CA,00000000000000000098,SFKernRiver
SFKernRiver:160715:57,2016-07-15,-118.16690920888854,35.91462993679645,CA,00000000000000000099,SFKernRiver
SFKernRiver:160715:58,2016-07-15,-118.16697609540435,35.91393431703212,CA,0000000000000000009a,SFKernRiver
SFKernRiver:160715:59,2016-07-15,-118.1697674926638,35.91186083504227,CA,0000000000000000009b,SFKernRiver
SFKernRiver:160715:60,2016-07-15,-118.16937063267007,35.91077281438522,CA,0000000000000000009c,SFKernRiver
SFKernRiver:160715:61,2016-07-15,-118.16918335042581,35.910465136412526,CA,0000000000000000009d,SFKernRiver
SFKernRiver:160715:62,2016-07-15,-118.16936617356899,35.91041162719989,CA,0000000000000000009e,SFKernRiver
SFKernRiver:160715:63,2016-07-15,-118.17080646320927,35.910763896183106,CA,0000000000000000009f,SFKernRiver
SFKernRiver:160715:64,2016-07-15,-118.17114089578827,35.91069700966731,CA,000000000000000000a0,SFKernRiver
SFKernRiver:160715:65,2016-07-15,-118.17038730771023,35.91037595439146,CA,000000000000000000a1,SFKernRiver
SFKernRiver:160715:66,2016-07-15,-118.16997707041332,35.909925585185064,CA,000000000000000000a2,SFKernRiver
SFKernRiver:160715:67,2016-07-15,-118.17108292747456,35.91013516293457,CA,000000000000000000a3,SFKernRiver
SFKernRiver:160715:68,2016-07-15,-118.17250092160955,35.90976505754714,CA,000000000000000000a4,SFKernRiver
SFKernRiver:160715:69,2016-07-15,-118.17372271529824,35.90989883057874,CA,000000000000000000a5,SFKernRiver
SFKernRiver:160715:70,2016-07-15,-118.17826208017061,35.90958223440395,CA,000000000000000000a6,SFKernRiver
SFKernRiver:160715:71,2016-07-15,-118.17844936241484,35.90813748566263,CA,000000000000000000a7,SFKernRiver
SFKernRiver:160715:72,2016-07-15,-118.18100888641953,35.906318172432826,CA,000000000000000000a8,SFKernRiver
SFKernRiver:160715:73,2016-07-15,-118.1853252962393,35.905595798062166,CA,000000000000000000a9,SFKernRiver
SFKernRiver:160715:74,2016-07-15,-118.1880319705787,35.902251472272084,CA,000000000000000000aa,SFKernRiver
SFKernRiver:160715:75,2016-07-15,-118.18973534718113,35.90053025926545,CA,000000000000000000ab,SFKernRiver
SFKernRiver:160715:76,2016-07-15,-118.18846896248198,35.89642342719524,CA,000000000000000000ac,SFKernRiver
SFKernRiver:160715:77,2016-07-15,-118.18691273621432,35.8946353276728,CA,000000000000000000ad,SFKernRiver
SFKernRiver:160715:78,2016-07-15,-118.1869796227301,35.8941180719506,CA,000000000000000000ae,SFKernRiver
SFKernRiver:160715:79,2016-07-15,-118.19366381520922,35.88315760156122,CA,000000000000000000af,SFKernRiver
SFKernRiver:130420:1,2013-04-20,-118.13642233498615,36.02846186848882,CA,0000000000000000012e,SFKernRiver
SFKernRiver:130420:2,2013-04-20,-118.1364803032998,36.026981446939075,CA,0000000000000000012f,SFKernRiver
SFKernRiver:130420:3,2013-04-20,-118.13639112127876,36.02694131502959,CA,00000000000000000130,SFKernRiver
SFKernRiver:130420:4,2013-04-20,-118.13616816622608,36.02690564222116,CA,00000000000000000131,SFKernRiver
SFKernRiver:130420:5,2013-04-20,-118.13548146466385,36.02226371802452,CA,00000000000000000132,SFKernRiver
SFKernRiver:130420:6,2013-04-20,-118.13469666287845,36.021969417354995,CA,00000000000000000133,SFKernRiver
SFKernRiver:130420:7,2013-04-20,-118.13429980288468,36.020631687038964,CA,00000000000000000134,SFKernRiver
SFKernRiver:130420:8,2013-04-20,-118.1317893289916,36.015142533642184,CA,00000000000000000135,SFKernRiver
SFKernRiver:130420:9,2013-04-20,-118.13652935341142,36.01362643928401,CA,00000000000000000136,SFKernRiver
SFKernRiver:130420:10,2013-04-20,-118.1382059754075,36.00940812968745,CA,00000000000000000137,SFKernRiver
SFKernRiver:130420:11,2013-04-20,-118.13844230776334,36.009127206321075,CA,00000000000000000138,SFKernRiver
SFKernRiver:130420:12,2013-04-20,-118.13800977496118,36.00881061014628,CA,00000000000000000139,SFKernRiver
SFKernRiver:130420:13,2013-04-20,-118.13821489360966,36.008703591720995,CA,0000000000000000013a,SFKernRiver
SFKernRiver:130420:14,2013-04-20,-118.13806774327483,36.008529686779916,CA,0000000000000000013b,SFKernRiver
SFKernRiver:130420:15,2013-04-20,-118.1383977167528,36.00795892184508,CA,0000000000000000013c,SFKernRiver
SFKernRiver:130420:16,2013-04-20,-118.14129613243755,36.00549303896251,CA,0000000000000000013d,SFKernRiver
SFKernRiver:130420:17,2013-04-20,-118.14114452300173,36.005154147282454,CA,0000000000000000013e,SFKernRiver
SFKernRiver:130420:18,2013-04-20,-118.14236631669037,36.005073883463496,CA,0000000000000000013f,SFKernRiver
SFKernRiver:130420:19,2013-04-20,-118.14560808315623,36.00265259159147,CA,00000000000000000140,SFKernRiver
SFKernRiver:130420:20,2013-04-20,-118.1440295613833,35.99912098355714,CA,00000000000000000141,SFKernRiver
SFKernRiver:130420:21,2013-04-20,-118.14380660633068,35.999058556142394,CA,00000000000000000142,SFKernRiver
SFKernRiver:130420:22,2013-04-20,-118.14372188341062,35.99897383322238,CA,00000000000000000143,SFKernRiver
SFKernRiver:130420:23,2013-04-20,-118.1445468171055,35.99879992828129,CA,00000000000000000144,SFKernRiver
SFKernRiver:130420:24,2013-04-20,-118.14437737126549,35.998594809632834,CA,00000000000000000145,SFKernRiver
SFKernRiver:130420:25,2013-04-20,-118.1469502725733,35.99690035123252,CA,00000000000000000146,SFKernRiver
SFKernRiver:130420:26,2013-04-20,-118.14877404490419,35.99649903213771,CA,00000000000000000147,SFKernRiver
SFKernRiver:130420:27,2013-04-20,-118.15030797566659,35.99546452069332,CA,00000000000000000148,SFKernRiver
SFKernRiver:130420:28,2013-04-20,-118.15078064037823,35.99484470564689,CA,00000000000000000149,SFKernRiver
SFKernRiver:130420:29,2013-04-20,-118.15097684082458,35.99438541823838,CA,0000000000000000014a,SFKernRiver
SFKernRiver:130420:30,2013-04-20,-118.15100805453196,35.99422934970151,CA,0000000000000000014b,SFKernRiver
SFKernRiver:130420:31,2013-04-20,-118.15074050846874,35.99372993038353,CA,0000000000000000014c,SFKernRiver
SFKernRiver:130420:32,2013-04-20,-118.15025892555498,35.991009878740925,CA,0000000000000000014d,SFKernRiver
SFKernRiver:130420:33,2013-04-20,-118.15004042960335,35.990327636279744,CA,0000000000000000014e,SFKernRiver
SFKernRiver:130420:34,2013-04-20,-118.14943845096117,35.985444920626215,CA,0000000000000000014f,SFKernRiver
SFKernRiver:130420:35,2013-04-20,-118.15479383132633,35.98033924992003,CA,00000000000000000150,SFKernRiver
SFKernRiver:130420:36,2013-04-20,-118.15505245918742,35.979697139368334,CA,00000000000000000151,SFKernRiver
SFKernRiver:130420:37,2013-04-20,-118.15490084975161,35.97961687554937,CA,00000000000000000152,SFKernRiver
SFKernRiver:130420:38,2013-04-20,-118.15582388366967,35.975947035382376,CA,00000000000000000153,SFKernRiver
SFKernRiver:130420:39,2013-04-20,-118.15996638854837,35.97042666827822,CA,00000000000000000154,SFKernRiver
SFKernRiver:130420:40,2013-04-20,-118.1596810060809,35.96979793502968,CA,00000000000000000155,SFKernRiver
SFKernRiver:130420:41,2013-04-20,-118.15898984541762,35.9682729224694,CA,00000000000000000156,SFKernRiver
SFKernRiver:130420:42,2013-04-20,-118.15889620429552,35.96767540292824,CA,00000000000000000157,SFKernRiver
SFKernRiver:130420:43,2013-04-20,-118.15820504363221,35.96653833215961,CA,00000000000000000158,SFKernRiver
SFKernRiver:130420:44,2013-04-20,-118.15822733913747,35.96627970429852,CA,00000000000000000159,SFKernRiver
SFKernRiver:130420:45,2013-04-20,-118.1609875226896,35.96209706751038,CA,0000000000000000015a,SFKernRiver
SFKernRiver:130420:46,2013-04-20,-118.16182137458658,35.960554218545894,CA,0000000000000000015b,SFKernRiver
SFKernRiver:130420:47,2013-04-20,-118.16301641366888,35.95965348013309,CA,0000000000000000015c,SFKernRiver
SFKernRiver:130420:48,2013-04-20,-118.16245456693618,35.95855654127394,CA,0000000000000000015d,SFKernRiver
SFKernRiver:130420:49,2013-04-20,-118.16232971210665,35.95851640936447,CA,0000000000000000015e,SFKernRiver
SFKernRiver:130420:50,2013-04-20,-118.160858208759,35.957107333431566,CA,0000000000000000015f,SFKernRiver
SFKernRiver:130420:51,2013-04-20,-118.1604479714621,35.95653210939568,CA,00000000000000000160,SFKernRiver
SFKernRiver:130420:52,2013-04-20,-118.1603454121379,35.95608619929033,CA,00000000000000000161,SFKernRiver
SFKernRiver:130420:53,2013-04-20,-118.16345786467319,35.95421783594894,CA,00000000000000000162,SFKernRiver
SFKernRiver:130420:54,2013-04-20,-118.1680819524656,35.95090918296729,CA,00000000000000000163,SFKernRiver
SFKernRiver:130420:55,2013-04-20,-118.1678411610087,35.94872868255215,CA,00000000000000000164,SFKernRiver
SFKernRiver:130420:56,2013-04-20,-118.16753348303602,35.948367495366824,CA,00000000000000000165,SFKernRiver
SFKernRiver:130420:57,2013-04-20,-118.16645883968212,35.946276176972745,CA,00000000000000000166,SFKernRiver
SFKernRiver:130420:58,2013-04-20,-118.16584794283783,35.94594620349479,CA,00000000000000000167,SFKernRiver
SFKernRiver:130420:59,2013-04-20,-118.16820680729512,35.94291847387951,CA,00000000000000000168,SFKernRiver
SFKernRiver:130420:60,2013-04-20,-118.16839408953938,35.9429006374753,CA,00000000000000000169,SFKernRiver
SFKernRiver:130420:61,2013-04-20,-118.19184004287838,35.97603621740346,CA,0000000000000000016a,SFKernRiver
SFKernRiver:130420:62,2013-04-20,-118.19043096694546,35.97509088798013,CA,0000000000000000016b,SFKernRiver
SFKernRiver:130420:63,2013-04-20,-118.18935186449055,35.970382077267686,CA,0000000000000000016c,SFKernRiver
SFKernRiver:130420:64,2013-04-20,-118.18787590204184,35.969659702897026,CA,0000000000000000016d,SFKernRiver
SFKernRiver:130420:65,2013-04-20,-118.18533867354246,35.97084582377724,CA,0000000000000000016e,SFKernRiver
SFKernRiver:130420:66,2013-04-20,-118.18153951944488,35.95961780732467,CA,0000000000000000016f,SFKernRiver
SFKernRiver:130420:67,2013-04-20,-118.18069674934578,35.95990764889314,CA,00000000000000000170,SFKernRiver
SFKernRiver:130420:68,2013-04-20,-118.18018395272466,35.960059258328954,CA,00000000000000000171,SFKernRiver
SFKernRiver:130420:69,2013-04-20,-118.1792698370087,35.96029559068479,CA,00000000000000000172,SFKernRiver
SFKernRiver:130420:70,2013-04-20,-118.17910930937076,35.96032234529111,CA,00000000000000000173,SFKernRiver
SFKernRiver:130420:71,2013-04-20,-118.17809263433061,35.96103134235861,CA,00000000000000000174,SFKernRiver
SFKernRiver:130420:72,2013-04-20,-118.17774036534736,35.96101350595439,CA,00000000000000000175,SFKernRiver
SFKernRiver:130420:73,2013-04-20,-118.1740036386646,35.96124983831022,CA,00000000000000000176,SFKernRiver
SFKernRiver:130420:74,2013-04-20,-118.17316532766654,35.96104917876282,CA,00000000000000000177,SFKernRiver
SFKernRiver:130420:75,2013-04-20,-118.17330355979918,35.96067015517328,CA,00000000000000000178,SFKernRiver
SFKernRiver:130420:76,2013-04-20,-118.17287548609806,35.9597872531647,CA,00000000000000000179,SFKernRiver
SFKernRiver:130420:77,2013-04-20,-118.17182759735049,35.95928783384671,CA,0000000000000000017a,SFKernRiver
SFKernRiver:130420:78,2013-04-20,-118.16989234749332,35.95943052508042,CA,0000000000000000017b,SFKernRiver
SFKernRiver:130420:79,2013-04-20,-118.16973181985539,35.958828546438205,CA,0000000000000000017c,SFKernRiver
SFKernRiver:130420:80,2013-04-20,-118.16921902323425,35.95816859948229,CA,0000000000000000017d,SFKernRiver
SFKernRiver:130420:81,2013-04-20,-118.1689603953731,35.95799469454121,CA,0000000000000000017e,SFKernRiver
SFKernRiver:130420:82,2013-04-20,-118.16831828482147,35.95791888982331,CA,0000000000000000017f,SFKernRiver
SFKernRiver:130420:83,2013-04-20,-118.16787683381715,35.957539866233766,CA,00000000000000000180,SFKernRiver
SFKernRiver:130420:84,2013-04-20,-118.166360739459,35.95634036805039,CA,00000000000000000181,SFKernRiver
SFKernRiver:130420:85,2013-04-20,-118.16455034443128,35.955889998843986,CA,00000000000000000182,SFKernRiver
SFKernRiver:130420:86,2013-04-20,-118.1643363075807,35.95557786177025,CA,00000000000000000183,SFKernRiver
SFKernRiver:130420:87,2013-04-20,-118.16394836578904,35.955167624473326,CA,00000000000000000184,SFKernRiver
SFKernRiver:130420:88,2013-04-20,-118.16378783815114,35.95472171436799,CA,00000000000000000185,SFKernRiver
SFKernRiver:130420:89,2013-04-20,-118.16360501500795,35.954315936172115,CA,00000000000000000186,SFKernRiver
SFKernRiver:130420:90,2013-04-20,-118.19699922279719,35.95848965475815,CA,00000000000000000187,SFKernRiver
SFKernRiver:130420:91,2013-04-20,-118.1967405949361,35.95815076307808,CA,00000000000000000188,SFKernRiver
SFKernRiver:130420:92,2013-04-20,-118.19537165091269,35.95791443072225,CA,00000000000000000189,SFKernRiver
SFKernRiver:130420:93,2013-04-20,-118.1921610981542,35.95464145054902,CA,0000000000000000018a,SFKernRiver
SFKernRiver:130420:94,2013-04-20,-118.19171964714994,35.954324854374235,CA,0000000000000000018b,SFKernRiver
SFKernRiver:130420:95,2013-04-20,-118.19136737816669,35.953923535279415,CA,0000000000000000018c,SFKernRiver
SFKernRiver:130420:96,2013-04-20,-118.19076539952448,35.95309414248347,CA,0000000000000000018d,SFKernRiver
SFKernRiver:130420:97,2013-04-20,-118.18961941055376,35.95277308720763,CA,0000000000000000018e,SFKernRiver
SFKernRiver:130420:98,2013-04-20,-118.1785207080317,35.95010654477767,CA,0000000000000000018f,SFKernRiver
SFKernRiver:130420:99,2013-04-20,-118.1783690985959,35.94988804882605,CA,00000000000000000190,SFKernRiver
SFKernRiver:130420:100,2013-04-20,-118.1781862754527,35.94964725736916,CA,00000000000000000191,SFKernRiver
SFKernRiver:130420:101,2013-04-20,-118.17819073455375,35.949540238943875,CA,00000000000000000192,SFKernRiver
SFKernRiver:130420:102,2013-04-20,-118.17794102489476,35.94862166412687,CA,00000000000000000193,SFKernRiver
SFKernRiver:130420:103,2013-04-20,-118.17785630197473,35.947868076048834,CA,00000000000000000194,SFKernRiver
SFKernRiver:130420:104,2013-04-20,-118.17714730490725,35.94713232437501,CA,00000000000000000195,SFKernRiver
SFKernRiver:130420:105,2013-04-20,-118.17665234469032,35.94644562281279,CA,00000000000000000196,SFKernRiver
SFKernRiver:130420:106,2013-04-20,-118.17592551121862,35.94603538551588,CA,00000000000000000197,SFKernRiver
SFKernRiver:130420:107,2013-04-20,-118.17555986493225,35.945562720804205,CA,00000000000000000198,SFKernRiver
SFKernRiver:130420:108,2013-04-20,-118.17454318989205,35.94591053068637,CA,00000000000000000199,SFKernRiver
SFKernRiver:130420:109,2013-04-20,-118.17437820315305,35.946142403941145,CA,0000000000000000019a,SFKernRiver
SFKernRiver:130420:110,2013-04-20,-118.17399472046247,35.94606214012219,CA,0000000000000000019b,SFKernRiver
SFKernRiver:130420:111,2013-04-20,-118.17407052518038,35.945879316978996,CA,0000000000000000019c,SFKernRiver
SFKernRiver:130420:112,2013-04-20,-118.17348638294237,35.944880478343016,CA,0000000000000000019d,SFKernRiver
SFKernRiver:130420:113,2013-04-20,-118.17295129081597,35.94471549160405,CA,0000000000000000019e,SFKernRiver
SFKernRiver:130420:114,2013-04-20,-118.17233147576951,35.944189317679744,CA,0000000000000000019f,SFKernRiver
SFKernRiver:130420:115,2013-04-20,-118.1722467528495,35.943984199031284,CA,000000000000000001a0,SFKernRiver
SFKernRiver:130420:116,2013-04-20,-118.16232079390456,35.93972129842419,CA,000000000000000001a1,SFKernRiver
SFKernRiver:130420:117,2013-04-20,-118.16312343209417,35.93462900502116,CA,000000000000000001a2,SFKernRiver
SFKernRiver:130420:118,2013-04-20,-118.16332409164157,35.93399135357051,CA,000000000000000001a3,SFKernRiver
SFKernRiver:130420:119,2013-04-20,-118.16305654557836,35.9338977124484,CA,000000000000000001a4,SFKernRiver
SFKernRiver:130420:120,2013-04-20,-118.16320815501417,35.93370597110309,CA,000000000000000001a5,SFKernRiver
SFKernRiver:130420:121,2013-04-20,-118.16339989635951,35.93326897919985,CA,000000000000000001a6,SFKernRiver
SFKernRiver:130420:122,2013-04-20,-118.16724364146754,35.92669180514602,CA,000000000000000001a7,SFKernRiver
SFKernRiver:130420:123,2013-04-20,-118.16525934149878,35.91810803561814,CA,000000000000000001a8,SFKernRiver
SFKernRiver:130420:124,2013-04-20,-118.16568741519991,35.91622629497358,CA,000000000000000001a9,SFKernRiver
SFKernRiver:130420:125,2013-04-20,-118.16962480143007,35.91208379009493,CA,000000000000000001aa,SFKernRiver
SFKernRiver:130420:126,2013-04-20,-118.16976303356277,35.91178503032435,CA,000000000000000001ab,SFKernRiver
SFKernRiver:130420:127,2013-04-20,-118.16934387806373,35.91075051887996,CA,000000000000000001ac,SFKernRiver
SFKernRiver:130420:128,2013-04-20,-118.16931712345743,35.9104294636041,CA,000000000000000001ad,SFKernRiver
SFKernRiver:130420:129,2013-04-20,-118.17067714927873,35.91089321011366,CA,000000000000000001ae,SFKernRiver
SFKernRiver:130420:130,2013-04-20,-118.17036501220495,35.91036257708831,CA,000000000000000001af,SFKernRiver
SFKernRiver:130420:131,2013-04-20,-118.16994585670592,35.90993004428612,CA,000000000000000001b0,SFKernRiver
SFKernRiver:130420:132,2013-04-20,-118.17081538141137,35.91028231326934,CA,000000000000000001b1,SFKernRiver
SFKernRiver:130420:133,2013-04-20,-118.17073957669346,35.90998355349877,CA,000000000000000001b2,SFKernRiver
SFKernRiver:130420:134,2013-04-20,-118.1724474123969,35.9097695166482,CA,000000000000000001b3,SFKernRiver
SFKernRiver:130420:135,2013-04-20,-118.17856529904225,35.90812856746052,CA,000000000000000001b4,SFKernRiver
SFKernRiver:130420:136,2013-04-20,-118.18104455922796,35.90631371333177,CA,000000000000000001b5,SFKernRiver
SFKernRiver:130420:137,2013-04-20,-118.18536988724983,35.90555120705164,CA,000000000000000001b6,SFKernRiver
SFKernRiver:130420:138,2013-04-20,-118.18809439799347,35.90226039047418,CA,000000000000000001b7,SFKernRiver
SFKernRiver:130420:139,2013-04-20,-118.18855368540198,35.89642342719523,CA,000000000000000001b8,SFKernRiver
SFKernRiver:130420:140,2013-04-20,-118.18685030879956,35.89463978677385,CA,000000000000000001b9,SFKernRiver
SFKernRiver:130420:141,2013-04-20,-118.18685922700166,35.89412253105164,CA,000000000000000001ba,SFKernRiver
SFKernRiver:130420:142,2013-04-20,-118.19368165161345,35.881926889670474,CA,000000000000000001bb,SFKernRiver
SFKernRiver:130420:143,2013-04-20,-118.17034717580076,35.937848475981745,CA,000000000000000001bc,SFKernRiver
SFKernRiver:130420:144,2013-04-20,-118.16984775648278,35.937745916657505,CA,000000000000000001bd,SFKernRiver
SFKernRiver:130420:145,2013-04-20,-118.16967831064272,35.937794966769104,CA,000000000000000001be,SFKernRiver
SFKernRiver:130420:146,2013-04-20,-118.16935725536686,35.93784401688069,CA,000000000000000001bf,SFKernRiver
SFKernRiver:130420:147,2013-04-20,-118.16909862750578,35.937906444295436,CA,000000000000000001c0,SFKernRiver
SFKernRiver:130420:148,2013-04-20,-118.16727485517494,35.93775483485962,CA,000000000000000001c1,SFKernRiver
SFKernRiver:20xxxx:1,2020-06-15,-118.13638220307666,36.02850645949935,CA,00000000000000000000,SFKernRiver
SFKernRiver:20xxxx:2,2020-06-15,-118.13582481544496,36.02250450948142,CA,00000000000000000001,SFKernRiver
SFKernRiver:20xxxx:3,2020-06-15,-118.13426858917731,36.020631687038964,CA,00000000000000000002,SFKernRiver
SFKernRiver:20xxxx:4,2020-06-15,-118.14234848028615,36.00511401537298,CA,00000000000000000003,SFKernRiver
SFKernRiver:20xxxx:5,2020-06-15,-118.15030797566659,35.9915583481705,CA,00000000000000000004,SFKernRiver
SFKernRiver:20xxxx:6,2020-06-15,-118.15505245918742,35.9797194348736,CA,00000000000000000005,SFKernRiver
SFKernRiver:20xxxx:7,2020-06-15,-118.16232971210665,35.95447200470899,CA,00000000000000000006,SFKernRiver
SFKernRiver:20xxxx:8,2020-06-15,-118.1634667828753,35.95427134516159,CA,00000000000000000007,SFKernRiver
SFKernRiver:20xxxx:9,2020-06-15,-118.15999760225573,35.97044896378349,CA,00000000000000000008,SFKernRiver
SFKernRiver:20xxxx:10,2020-06-15,-118.15968992428303,35.96982023053495,CA,00000000000000000009,SFKernRiver
SFKernRiver:20xxxx:11,2020-06-15,-118.1350489318617,36.029977962846985,CA,0000000000000000000a,SFKernRiver
SFKernRiver:20xxxx:12,2020-06-15,-118.13652935341142,36.013644275688215,CA,0000000000000000000b,SFKernRiver
SFKernRiver:20xxxx:13,2020-06-15,-118.13659623992721,36.013292006704994,CA,0000000000000000000c,SFKernRiver
SFKernRiver:20xxxx:14,2020-06-15,-118.13670325835251,36.01299770603547,CA,0000000000000000000d,SFKernRiver
SFKernRiver:20xxxx:15,2020-06-15,-118.13835758484332,36.00793216723876,CA,0000000000000000000e,SFKernRiver
SFKernRiver:20xxxx:16,2020-06-15,-118.14126045962914,36.00546182525514,CA,0000000000000000000f,SFKernRiver
SFKernRiver:20xxxx:17,2020-06-15,-118.14343204184215,36.003999240109614,CA,00000000000000000010,SFKernRiver
SFKernRiver:20xxxx:18,2020-06-15,-118.14369958790536,35.99898721052555,CA,00000000000000000011,SFKernRiver
SFKernRiver:20xxxx:19,2020-06-15,-118.14696364987648,35.99695386044517,CA,00000000000000000012,SFKernRiver
SFKernRiver:20xxxx:20,2020-06-15,-118.14870269928733,35.99646781843034,CA,00000000000000000013,SFKernRiver
SFKernRiver:20xxxx:21,2020-06-15,-118.15026784375708,35.99555370271438,CA,00000000000000000014,SFKernRiver
SFKernRiver:20xxxx:22,2020-06-15,-118.1507940176814,35.99483132834373,CA,00000000000000000015,SFKernRiver
SFKernRiver:20xxxx:23,2020-06-15,-118.15903443642816,35.96825954516624,CA,00000000000000000016,SFKernRiver
SFKernRiver:20xxxx:24,2020-06-15,-118.16066646741372,35.95556448446708,CA,00000000000000000017,SFKernRiver
SFKernRiver:20xxxx:25,2020-06-15,-118.1687998677352,35.95012884028293,CA,00000000000000000018,SFKernRiver
SFKernRiver:20xxxx:26,2020-06-15,-118.16456818083547,35.94131319750027,CA,00000000000000000019,SFKernRiver
SFKernRiver:20xxxx:27,2020-06-15,-118.16722134596228,35.92671410065128,CA,0000000000000000001a,SFKernRiver
SFKernRiver:20xxxx:28,2020-06-15,-118.16785453831187,35.92282576453268,CA,0000000000000000001b,SFKernRiver
SFKernRiver:20xxxx:29,2020-06-15,-118.17436928495096,35.94615132214326,CA,0000000000000000001c,SFKernRiver
SFKernRiver:20xxxx:30,2020-06-15,-118.17411957529197,35.94586148057479,CA,0000000000000000001d,SFKernRiver
SFKernRiver:20xxxx:31,2020-06-15,-118.17242511689167,35.94370773476597,CA,0000000000000000001e,SFKernRiver
SFKernRiver:20xxxx:32,2020-06-15,-118.1727372539654,35.94220947681201,CA,0000000000000000001f,SFKernRiver
SFKernRiver:20xxxx:33,2020-06-15,-118.17230918026429,35.94192855344565,CA,00000000000000000020,SFKernRiver
SFKernRiver:20xxxx:34,2020-06-15,-118.19674505403717,35.95812400847176,CA,00000000000000000021,SFKernRiver
SFKernRiver:20xxxx:35,2020-06-15,-118.20590404760095,35.964884005668786,CA,00000000000000000022,SFKernRiver
SFKernRiver:20xxxx:36,2020-06-15,-118.18387608839691,35.97074772355408,CA,00000000000000000023,SFKernRiver
SFKernRiver:20xxxx:37,2020-06-15,-118.18069674934578,35.95997899450999,CA,00000000000000000024,SFKernRiver
SFKernRiver:20xxxx:38,2020-06-15,-118.17920740959394,35.96028221338163,CA,00000000000000000025,SFKernRiver
SFKernRiver:18xxxx:1,2018-06-15,-118.13638220307666,36.02850645949935,CA,000000000000000000b0,SFKernRiver
SFKernRiver:18xxxx:2,2018-06-15,-118.1368191949799,36.02391804451536,CA,000000000000000000b1,SFKernRiver
SFKernRiver:18xxxx:3,2018-06-15,-118.13582481544496,36.02250450948142,CA,000000000000000000b2,SFKernRiver
SFKernRiver:18xxxx:4,2018-06-15,-118.13428642558154,36.02063168703896,CA,000000000000000000b3,SFKernRiver
SFKernRiver:18xxxx:5,2018-06-15,-118.13176703348633,36.015169288248494,CA,000000000000000000b4,SFKernRiver
SFKernRiver:18xxxx:6,2018-06-15,-118.13652935341142,36.013644275688215,CA,000000000000000000b5,SFKernRiver
SFKernRiver:18xxxx:7,2018-06-15,-118.13660515812933,36.0133009249071,CA,000000000000000000b6,SFKernRiver
SFKernRiver:18xxxx:8,2018-06-15,-118.13836650304545,36.007936626339806,CA,000000000000000000b7,SFKernRiver
SFKernRiver:18xxxx:9,2018-06-15,-118.14125154142701,36.00547074345725,CA,000000000000000000b8,SFKernRiver
SFKernRiver:18xxxx:10,2018-06-15,-118.14234848028615,36.00506050616034,CA,000000000000000000b9,SFKernRiver
SFKernRiver:18xxxx:11,2018-06-15,-118.14289694971575,36.0049579468361,CA,000000000000000000ba,SFKernRiver
SFKernRiver:18xxxx:12,2018-06-15,-118.1440295613833,36.00452987313496,CA,000000000000000000bb,SFKernRiver
SFKernRiver:18xxxx:13,2018-06-15,-118.14749874200291,35.99678887370619,CA,000000000000000000bc,SFKernRiver
SFKernRiver:18xxxx:14,2018-06-15,-118.14669164471222,35.98682278285174,CA,000000000000000000bd,SFKernRiver
SFKernRiver:18xxxx:15,2018-06-15,-118.15994855214412,35.97044004558138,CA,000000000000000000be,SFKernRiver
SFKernRiver:18xxxx:16,2018-06-15,-118.16184812919286,35.95802144914753,CA,000000000000000000bf,SFKernRiver
SFKernRiver:18xxxx:17,2018-06-15,-118.1614914011086,35.95771823027589,CA,000000000000000000c0,SFKernRiver
SFKernRiver:18xxxx:18,2018-06-15,-118.17065485377346,35.942650927816295,CA,000000000000000000c1,SFKernRiver
SFKernRiver:18xxxx:19,2018-06-15,-118.17440049865833,35.946160240345364,CA,000000000000000000c2,SFKernRiver
SFKernRiver:18xxxx:20,2018-06-15,-118.17402593416986,35.94607105832431,CA,000000000000000000c3,SFKernRiver
SFKernRiver:18xxxx:21,2018-06-15,-118.1785117898296,35.95011992208082,CA,000000000000000000c4,SFKernRiver
SFKernRiver:18xxxx:22,2018-06-15,-118.18971305167585,35.95279984181395,CA,000000000000000000c5,SFKernRiver
SFKernRiver:18xxxx:23,2018-06-15,-118.19070297210972,35.95313427439296,CA,000000000000000000c6,SFKernRiver
SFKernRiver:18xxxx:24,2018-06-15,-118.18749241935126,35.8930835605062,CA,000000000000000000c7,SFKernRiver
SFKernRiver:18xxxx:25,2018-06-15,-118.18920025505473,35.89237902253976,CA,000000000000000000c8,SFKernRiver
SFKernRiver:18xxxx:26,2018-06-15,-118.18817020271138,35.90218012665523,CA,000000000000000000c9,SFKernRiver
SFKernRiver:18xxxx:27,2018-06-15,-118.18560176050458,35.90478424167044,CA,000000000000000000ca,SFKernRiver
SFKernRiver:18xxxx:28,2018-06-15,-118.1854100191593,35.90551107514215,CA,000000000000000000cb,SFKernRiver
SFKernRiver:18xxxx:29,2018-06-15,-118.17859651274964,35.907932367014176,CA,000000000000000000cc,SFKernRiver
SFKernRiver:18xxxx:30,2018-06-15,-118.17847611702122,35.9082355858858,CA,000000000000000000cd,SFKernRiver
SFKernRiver:18xxxx:31,2018-06-15,-118.17825316196851,35.9096535800208,CA,000000000000000000ce,SFKernRiver
SFKernRiver:18xxxx:32,2018-06-15,-118.16571862890727,35.91625304957989,CA,000000000000000000cf,SFKernRiver
SFKernRiver:18xxxx:33,2018-06-15,-118.16690029068644,35.914625477695395,CA,000000000000000000d0,SFKernRiver
SFKernRiver:18xxxx:34,2018-06-15,-118.1698968065944,35.9118474577391,CA,000000000000000000d1,SFKernRiver
SFKernRiver:18xxxx:35,2018-06-15,-118.16999936591857,35.9120391990844,CA,000000000000000000d2,SFKernRiver
SFKernRiver:18xxxx:36,2018-06-15,-118.17372717439926,35.909961257993494,CA,000000000000000000d3,SFKernRiver
SFKernRiver:18xxxx:37,2018-06-15,-118.16788575201925,35.92283022363374,CA,000000000000000000d4,SFKernRiver
SFKernRiver:18xxxx:38,2018-06-15,-118.16725701877071,35.92670964155024,CA,000000000000000000d5,SFKernRiver
SFKernRiver:18xxxx:39,2018-06-15,-118.16617791631577,35.93181531225643,CA,000000000000000000d6,SFKernRiver
SFKernRiver:18xxxx:40,2018-06-15,-118.16210229795293,35.940024517295825,CA,000000000000000000d7,SFKernRiver
SFKernRiver:18xxxx:41,2018-06-15,-118.16630723024632,35.94616915854748,CA,000000000000000000d8,SFKernRiver
SFKernRiver:18xxxx:42,2018-06-15,-118.14561254225728,36.002683805298844,CA,000000000000000000d9,SFKernRiver
SFKernRiver:18xxxx:43,2018-06-15,-118.14228159377036,36.00455662774129,CA,000000000000000000da,SFKernRiver
SFKernRiver:18xxxx:44,2018-06-15,-118.13384051547618,36.014085726692514,CA,000000000000000000db,SFKernRiver
SFKernRiver:18xxxx:45,2018-06-15,-118.17092239983664,35.91091550561893,CA,000000000000000000dc,SFKernRiver
SFKernRiver:18xxxx:46,2018-06-15,-118.16414010713434,35.934446181877966,CA,000000000000000000dd,SFKernRiver
SFKernRiver:18xxxx:47,2018-06-15,-118.16322153231734,35.938129399348114,CA,000000000000000000de,SFKernRiver
SFKernRiver:18xxxx:48,2018-06-15,-118.16280237681832,35.959814007771016,CA,000000000000000000df,SFKernRiver
SFKernRiver:18xxxx:49,2018-06-15,-118.15798208857956,35.966649809685954,CA,000000000000000000e0,SFKernRiver
SFKernRiver:22xxxx:1,2022-06-15,-118.16228512109612,35.95448538201215,CA,000000000000000000e1,SFKernRiver
SFKernRiver:22xxxx:2,2022-06-15,-118.16353812849215,35.95419108134262,CA,000000000000000000e2,SFKernRiver
SFKernRiver:22xxxx:3,2022-06-15,-118.16065309011054,35.95553772986076,CA,000000000000000000e3,SFKernRiver
SFKernRiver:22xxxx:4,2022-06-15,-118.16187488379921,35.95802144914753,CA,000000000000000000e4,SFKernRiver
SFKernRiver:22xxxx:5,2022-06-15,-118.16287372243518,35.959809548669966,CA,000000000000000000e5,SFKernRiver
SFKernRiver:22xxxx:6,2022-06-15,-118.16059958089791,35.96244487739254,CA,000000000000000000e6,SFKernRiver
SFKernRiver:22xxxx:7,2022-06-15,-118.15986828832513,35.96286403289158,CA,000000000000000000e7,SFKernRiver
SFKernRiver:22xxxx:8,2022-06-15,-118.16600847047576,35.95266160968131,CA,000000000000000000e8,SFKernRiver
SFKernRiver:22xxxx:9,2022-06-15,-118.16849664886357,35.950244776910324,CA,000000000000000000e9,SFKernRiver
SFKernRiver:22xxxx:10,2022-06-15,-118.16892918166575,35.949678471076524,CA,000000000000000000ea,SFKernRiver
SFKernRiver:22xxxx:11,2022-06-15,-118.16765387876447,35.948724223451094,CA,000000000000000000eb,SFKernRiver
SFKernRiver:22xxxx:12,2022-06-15,-118.16583902463574,35.94595958079797,CA,000000000000000000ec,SFKernRiver
SFKernRiver:22xxxx:13,2022-06-15,-118.16818451178985,35.94275348714054,CA,000000000000000000ed,SFKernRiver
SFKernRiver:22xxxx:14,2022-06-15,-118.16458155813865,35.941304279298166,CA,000000000000000000ee,SFKernRiver
SFKernRiver:22xxxx:15,2022-06-15,-118.16314126849839,35.940956469416,CA,000000000000000000ef,SFKernRiver
SFKernRiver:22xxxx:16,2022-06-15,-118.162271743793,35.93956077078627,CA,000000000000000000f0,SFKernRiver
SFKernRiver:22xxxx:17,2022-06-15,-118.16638303496423,35.92988898060134,CA,000000000000000000f1,SFKernRiver
SFKernRiver:22xxxx:18,2022-06-15,-118.16725701877071,35.92671410065129,CA,000000000000000000f2,SFKernRiver
SFKernRiver:22xxxx:19,2022-06-15,-118.16720796865916,35.926517900204935,CA,000000000000000000f3,SFKernRiver
SFKernRiver:22xxxx:20,2022-06-15,-118.16715445944651,35.92596943077537,CA,000000000000000000f4,SFKernRiver
SFKernRiver:22xxxx:21,2022-06-15,-118.16786345651397,35.922839141835844,CA,000000000000000000f5,SFKernRiver
SFKernRiver:22xxxx:22,2022-06-15,-118.16833612122566,35.920774578048096,CA,000000000000000000f6,SFKernRiver
SFKernRiver:22xxxx:23,2022-06-15,-118.16728823247809,35.91976236210897,CA,000000000000000000f7,SFKernRiver
SFKernRiver:22xxxx:24,2022-06-15,-118.16568741519994,35.916279804186225,CA,000000000000000000f8,SFKernRiver
SFKernRiver:22xxxx:25,2022-06-15,-118.16688691338328,35.91500450128494,CA,000000000000000000f9,SFKernRiver
SFKernRiver:22xxxx:26,2022-06-15,-118.16698501360645,35.91398782624476,CA,000000000000000000fa,SFKernRiver
SFKernRiver:22xxxx:27,2022-06-15,-118.17370487889399,35.90995233979139,CA,000000000000000000fb,SFKernRiver
SFKernRiver:22xxxx:28,2022-06-15,-118.17825316196848,35.9096357436166,CA,000000000000000000fc,SFKernRiver
SFKernRiver:22xxxx:29,2022-06-15,-118.18128980978592,35.906318172432826,CA,000000000000000000fd,SFKernRiver
SFKernRiver:22xxxx:30,2022-06-15,-118.18535650994664,35.90552891154637,CA,000000000000000000fe,SFKernRiver
SFKernRiver:22xxxx:31,2022-06-15,-118.18527178702664,35.905671602780075,CA,000000000000000000ff,SFKernRiver
SFKernRiver:22xxxx:32,2022-06-15,-118.18514247309609,35.90545310682846,CA,00000000000000000100,SFKernRiver
SFKernRiver:22xxxx:33,2022-06-15,-118.18591389757836,35.90400389898609,CA,00000000000000000101,SFKernRiver
SFKernRiver:22xxxx:34,2022-06-15,-118.18744782834072,35.89550485237822,CA,00000000000000000102,SFKernRiver
SFKernRiver:22xxxx:35,2022-06-15,-118.18742553283545,35.893034510394614,CA,00000000000000000103,SFKernRiver
SFKernRiver:22xxxx:36,2022-06-15,-118.18920025505473,35.89237902253976,CA,00000000000000000104,SFKernRiver
SFKernRiver:22xxxx:37,2022-06-15,-118.14431940295178,36.000806523755344,CA,00000000000000000105,SFKernRiver
SFKernRiver:22xxxx:38,2022-06-15,-118.14369066970326,35.998991669626584,CA,00000000000000000106,SFKernRiver
SFKernRiver:22xxxx:39,2022-06-15,-118.15032135296971,35.99558491642176,CA,00000000000000000107,SFKernRiver
SFKernRiver:22xxxx:40,2022-06-15,-118.14669164471222,35.98683170105385,CA,00000000000000000108,SFKernRiver
SFKernRiver:22xxxx:41,2022-06-15,-118.14705729099863,35.9860513583695,CA,00000000000000000109,SFKernRiver
SFKernRiver:22xxxx:42,2022-06-15,-118.14753887391237,35.985498429838856,CA,0000000000000000010a,SFKernRiver
SFKernRiver:22xxxx:43,2022-06-15,-118.14787330649136,35.98550288893992,CA,0000000000000000010b,SFKernRiver
SFKernRiver:22xxxx:44,2022-06-15,-118.15505245918742,35.979732812176756,CA,0000000000000000010c,SFKernRiver
SFKernRiver:22xxxx:45,2022-06-15,-118.15817828902591,35.96653387305856,CA,0000000000000000010d,SFKernRiver
SFKernRiver:22xxxx:46,2022-06-15,-118.15994855214412,35.9704578819856,CA,0000000000000000010e,SFKernRiver
SFKernRiver:22xxxx:47,2022-06-15,-118.1596810060809,35.96982023053495,CA,0000000000000000010f,SFKernRiver
SFKernRiver:22xxxx:48,2022-06-15,-118.17373609260136,35.9612141655018,CA,00000000000000000110,SFKernRiver
SFKernRiver:22xxxx:49,2022-06-15,-118.20588621119671,35.96488846476984,CA,00000000000000000111,SFKernRiver
SFKernRiver:22xxxx:50,2022-06-15,-118.19671829943083,35.958195354088616,CA,00000000000000000112,SFKernRiver
SFKernRiver:22xxxx:51,2022-06-15,-118.19591566124119,35.95792780802541,CA,00000000000000000113,SFKernRiver
SFKernRiver:22xxxx:52,2022-06-15,-118.19508180934425,35.957713771174845,CA,00000000000000000114,SFKernRiver
SFKernRiver:22xxxx:53,2022-06-15,-118.19135845996459,35.95394137168363,CA,00000000000000000115,SFKernRiver
SFKernRiver:22xxxx:54,2022-06-15,-118.190725267615,35.953143192595064,CA,00000000000000000116,SFKernRiver
SFKernRiver:22xxxx:55,2022-06-15,-118.18972642897903,35.95281321911711,CA,00000000000000000117,SFKernRiver
SFKernRiver:22xxxx:56,2022-06-15,-118.1819230021355,35.953094142483465,CA,00000000000000000118,SFKernRiver
SFKernRiver:22xxxx:57,2022-06-15,-118.18165545607229,35.95146211149792,CA,00000000000000000119,SFKernRiver
SFKernRiver:22xxxx:58,2022-06-15,-118.175207595949,35.945651902825276,CA,0000000000000000011a,SFKernRiver
SFKernRiver:22xxxx:59,2022-06-15,-118.17423105281831,35.94566082102739,CA,0000000000000000011b,SFKernRiver
SFKernRiver:22xxxx:60,2022-06-15,-118.17464574921627,35.94596403989901,CA,0000000000000000011c,SFKernRiver
SFKernRiver:22xxxx:61,2022-06-15,-118.17438712135518,35.946160240345364,CA,0000000000000000011d,SFKernRiver
SFKernRiver:22xxxx:62,2022-06-15,-118.17428010292988,35.94616915854748,CA,0000000000000000011e,SFKernRiver
SFKernRiver:22xxxx:63,2022-06-15,-118.17400363866457,35.9460710583243,CA,0000000000000000011f,SFKernRiver
SFKernRiver:22xxxx:64,2022-06-15,-118.17283535418858,35.94469319609878,CA,00000000000000000120,SFKernRiver
SFKernRiver:22xxxx:65,2022-06-15,-118.17240728048745,35.94366760285649,CA,00000000000000000121,SFKernRiver
SFKernRiver:22xxxx:66,2022-06-15,-118.17275063126857,35.942200558609905,CA,00000000000000000122,SFKernRiver
SFKernRiver:22xxxx:67,2022-06-15,-118.17230026206215,35.94194193074881,CA,00000000000000000123,SFKernRiver
SFKernRiver:22xxxx:68,2022-06-15,-118.1364267940872,36.026923478625385,CA,00000000000000000124,SFKernRiver
SFKernRiver:22xxxx:69,2022-06-15,-118.1368191949799,36.02482770113026,CA,00000000000000000125,SFKernRiver
SFKernRiver:22xxxx:70,2022-06-15,-118.13584265184919,36.022504509481415,CA,00000000000000000126,SFKernRiver
SFKernRiver:22xxxx:71,2022-06-15,-118.13465207186792,36.02199171286027,CA,00000000000000000127,SFKernRiver
SFKernRiver:22xxxx:72,2022-06-15,-118.13175811528423,36.015169288248494,CA,00000000000000000128,SFKernRiver
SFKernRiver:22xxxx:73,2022-06-15,-118.13384051547621,36.01409018579356,CA,00000000000000000129,SFKernRiver
SFKernRiver:22xxxx:74,2022-06-15,-118.14124262322491,36.005479661659365,CA,0000000000000000012a,SFKernRiver
SFKernRiver:22xxxx:75,2022-06-15,-118.14233956208405,36.00508280166561,CA,0000000000000000012b,SFKernRiver
SFKernRiver:22xxxx:76,2022-06-15,-118.14402064318124,36.004520954932865,CA,0000000000000000012c,SFKernRiver
SFKernRiver:22xxxx:77,2022-06-15,-118.13637328487457,36.02851537770147,CA,0000000000000000012d,SFKernRiver
